Names,Subscribers,Views,Videos,id,Date
b'ARVEA Nature',10600,1209912,147,UCMVqZzwV8HE5zWvsQ2hCXeA,2018-08-02T08:42:41Z
b'Nature Hacker',1480,131203,4,UCunXbc8O0-EfLBc8bI0n44A,2019-07-19T02:18:32Z
b'Nature Foundation at Wintergreen',65,21149,92,UCDcYM2jhUBl1mbKBJlRw97w,2018-06-20T17:32:42Z
b'Immerse In Nature',87000,21528346,33,UCFSAVaGPkRVzWycr96-XZVQ,2017-08-19T18:47:56Z
b'Nature of Dhamma',1720,33866,71,UCFxG4FDBlWYQNZrLJ1kKOSQ,2021-05-04T09:36:55.384504Z
b'France Nature Environnement',809,168587,56,UCazMD7FP_6jVaN1S-GLiqqg,2013-11-05T13:16:46Z
b'Sikana Nature',9240,2814203,53,UCY8mxMAk-ysLmh_7XKlsXUg,2013-05-28T16:55:55Z
b'Nature Relaxation Films',818000,229765595,552,UC4lp9Emg1ci8eo2eDkB-Tag,2006-08-26T19:15:42Z
b'Astro Nature 49',386,32726,99,UCniz6GIlKkSa9MkqrDBNuAw,2018-12-08T15:48:54Z
b'Relaxation nature with music',374,175680,83,UCJmuO80JTPJHAkOtc_rxlAg,2021-07-01T14:41:28.973244Z
b'L\xc3\xa9a Nature Groupe',1100,70607,59,UCS7Q_t9XqT1T8GUKO4mC2-A,2010-11-15T08:48:11Z
b'Nature Philosopher',451,12766,23,UC8NjZ7NX5MsJpw_1qC1OUuw,2020-02-02T12:32:20.175626Z
b'Scaped Nature',459,4416,4,UCdajMaqfFjgm_ZMCVPr2AxQ,2021-02-02T11:27:54.74548Z
"b""Nature's Always Right""",227000,14795301,269,UCejgtTHroWI5sF_2-fuiF4Q,2016-07-18T01:00:18Z
b'Beats of Nature',7700,666030,8,UCmlEz_EOGXCvwHd0AWnv78g,2020-10-17T13:49:30.462496Z
b'Nature Check',17300,5723679,290,UCj9mqydnOaoUcgFl9n9PrPg,2015-08-09T12:44:54Z
"b'Feel the Nature, Shimane - \xe5\xb3\xb6\xe6\xa0\xb9\xe7\x9c\x8c'",2500,4401526,5,UCOWD2jL_oyFUzbLo3d5Wrng,2020-10-08T06:07:43.515653Z
b'Adventure in Greek Nature',390,287994,18,UCQ76qATxHi2aayqFWm2hZ_w,2017-07-01T07:34:35Z
b'Cambodia Real Nature',113000,11182872,23,UCans1_yJ_-aLKXYw8V851Sw,2017-10-04T09:26:06Z
b'Nature Zilla',22500,5888993,368,UCDmvEp5Rtjw817rMw_Z-S1A,2020-06-29T17:02:37.649781Z
b'\xeb\xb0\xb1\xec\x9e\xa5\xed\x98\x84 TV(life in nature)',15,318,9,UC9HWaUpltFM3cThNpwoS5Yg,2021-10-12T07:39:41.652024Z
b'Nature Architects Inc.',734,33165,20,UCI-oeuDZmtoRLtpxhJ5PrLA,2019-10-08T08:31:09Z
b'Nature En Occitanie',270,42000,67,UC3jLcFXduehskutClU_oi8g,2012-09-14T08:42:19Z
"b""Nature's Image Photography Workshops And Tours""",8560,524413,110,UCVtZiFKWtHzNuC7HqVB1Hww,2018-07-02T09:57:14Z
b'Nature Dei',7160,300967,14,UCv8aqg546B8io7Y1FH4XfKA,2018-11-13T18:42:37Z
b'Nature Rx',8470,4268830,14,UC4Us7SZ7eY0GCHXKxNwDnww,2015-01-30T00:09:49Z
b'Nature Lover @Tamali',14400,1685436,555,UCSDdzPVjfNCfKM61Mz2LHCw,2018-01-03T15:17:52Z
b'Nature InFocus',2750,210307,91,UCEDkMba8bFYZSlf0jsE_lJg,2014-06-12T07:39:35Z
b'nature and you',0,0,3,UCj8oseqRRQ5zp-h73ZloX0A,2021-11-03T03:00:27.721914Z
b'Nature Box',2720,39789741,175,UCvXBGTbww8qbpyvq9K9OLRA,2017-10-13T08:03:28Z
b'Little Kiwis Nature Play',99,10371,18,UCWd8VNL31tmt4oetWfT96Tg,2017-10-26T07:17:05Z
b'Bunny Nature',279,39856,32,UCbgyV0kl8ph05osxJ6bS5xQ,2014-06-27T15:22:30Z
b'Nature 2U Videos',317,39996,43,UCLqeWJZHeTLhg0O-nTBZ6kQ,2019-11-05T02:24:20.585186Z
b'Dead Nature',294,27340,50,UCeB8OflAv5ME4kOwKJG4t4A,2019-03-17T17:47:14Z
b'Nature world of asper',7320,958288,261,UCHUiqB9UUBkvzXPpUoT_Tug,2012-10-02T13:39:57Z
b'Nature Sounds ASMR',3230,422430,41,UClFMzoGqgEDpna_Ld7CsuYA,2020-09-11T20:10:30.903048Z
b'Next To Nature Bunny',18,2668,28,UCbfyVOPoQkNeTpf1q2joGKw,2021-08-11T02:00:30.045342Z
b'Knowledge By Nature',1300,80133,129,UCDTRl05plyx_mYvEpxbmwQA,2020-06-11T00:40:00.191846Z
b'Nature Portfolio',9310,701983,137,UCvCLdSgYdSTpWcOgEJgi-ng,2014-03-20T14:35:34Z
b'Relax Night and Day - Beautiful Nature & Sounds',370000,110964139,575,UCmEb7rZRwejgRZ98HwAimLA,2012-01-21T10:49:41Z
b'Scandinavian Nature Diaries',828,34173,110,UCu28yk9Mi0sHtKeGr5_i6DQ,2012-05-09T07:50:59Z
b'Office of Kentucky Nature Preserves',233,21113,72,UC2XAMYliiFXuHdwLwHwSqcg,2014-08-18T14:06:36Z
b'Electronic Nature',1330,192202,21,UCIW4QogITcyoxGhKEkTqFRQ,2020-03-19T12:45:58.8097Z
b'Between The Nature',1200,111487,36,UC5NjjIQEGPSdP_qRyfK6sIQ,2020-06-24T17:37:18.999481Z
b'Nature Valley Canada',1390,23182583,31,UCekXLoZTylFDMeR_6HPjeeA,2015-06-22T17:34:23Z
b'Nature SFX',100000,23448243,17,UCfsZsMaDMDpN-1lYeWnteMg,2020-05-06T20:50:02.181624Z
b'Hangry By Nature',18100,958559,182,UCgwnrGSYJgvOeMdzJMTb8_w,2016-06-03T10:44:44Z
"b""Nature's Pride""",995,121912,50,UCf4n17-VySVa6cCBm_FPQ2Q,2015-10-05T13:13:34Z
b'Nature Revisited',162,7694,60,UCO8FXTaOURlV5T4kSEJGp1A,2019-02-05T00:31:31Z
b'Nature Reliance',78300,6589935,339,UCLCTykc2u4w7EzFV5Yp7FWA,2010-05-13T17:50:12Z
b'DDT Nature Farm',1800,78857,102,UCa7MSD48_GkdiI5BnwlEA6A,2020-09-25T10:14:32.054405Z
b'Human Nature',30400,887864,28,UC5_cOGjJLcGtAReRVqNctKw,2018-03-21T21:07:20Z
b'Explore Live Nature Cams',260000,81417210,593,UC-2KSeUU5SMCX6XLRD-AEvw,2017-12-17T22:42:06Z
b'By Nature Foods',2740,95966,80,UC1Jl_j0LtM0cV84Y8jJiZVQ,2020-02-08T20:22:50.696551Z
b'North Branch Nature Center',209,25353,184,UCfNmpEm1udq3AG2Blpn8Yog,2012-12-05T14:12:32Z
b'Human Nature Philippines',3300,258448,121,UCJGU9kpZsQ_lkDLHSZwwAGw,2010-06-18T14:09:52Z
b'WNG / Water and Nature of Georgia',583,54923,35,UCmj_FeUSU0tQeKMxIxVdNLA,2017-11-17T10:22:31Z
b'Pella nature and art',157,67685,33,UCz4piWxXbh7HckKRo_DtWAQ,2015-02-12T17:20:23Z
b'Done with Nature ',3,6,1,UCh4zOR8NsQSoZq_NJbNvx9g,2021-11-02T14:04:10.817008Z
b'Bristol Nature Channel',929,83668,24,UCOhOACvVay0Tq4Qkx7aEh3w,2015-10-25T09:23:47Z
b'Lucky - Nature Relaxation in 8k',54600,25401596,10,UC75UTIRAoMfb_kiZtfR8y-w,2018-10-23T21:37:18Z
"b'VON - Vitality, Outdoor, Nature'",283,41939,49,UCURt0aeqwoMnoT33Gc1Z20A,2021-06-13T21:08:33.288308Z
b'Backyard Nature',63,13825,10,UCzQcn4aPFLtfgR5QjhrtLGA,2019-07-16T16:25:52Z
b'Conservation Nature',70,5866,15,UCauP65kj1EfGbb1Be3DUELQ,2021-04-25T22:53:55.433353Z
b'Nature Camp Brothers',822,186484,35,UCVPHcPTlHwNxW84Wwf3LlkA,2019-11-03T12:26:02.534211Z
b'Nature Lab',1110,253281,54,UCUJMHqab_uJsqNZiwfNyg8w,2014-11-24T17:42:51Z
b'Anjuman Pets & Nature',3,0,7,UCQQR7jbDI6zYOXO_qBJw5cw,2021-11-03T05:09:37.514216Z
b'Audubon Nature Institute',16000,9557009,666,UCa9frLowvf_zxiw4kdO9j_A,2008-05-26T04:29:54Z
b'Sologne Nature Environnement',37,13490,11,UCPr_CyYW1Aq8YzwA6OKGWOw,2014-07-22T15:58:40Z
b'Force of Nature',196,25546,30,UCRSFQfWc1RthgUh56BWslDQ,2012-06-14T11:05:41Z
b'Implausible Nature',3480,145049,63,UC8FQ3OR6l5_qxTUTsP4Q2iQ,2020-07-19T20:25:20.749736Z
b'usawo\xe3\x81\xaenature\xe3\x81\x97\xe3\x81\xa6\xe3\x81\x8f\xe3\x82\x8b\xe3\x80\x82\xef\xbd\x9e\xe7\x99\xbb\xe5\xb1\xb1\xe3\x81\xa8\xe5\x86\x99\xe7\x9c\x9f\xe3\x81\xa8\xe9\x9b\xb7\xe9\xb3\xa5\xe3\x81\xa8\xef\xbd\x9e',5490,688698,64,UCrcCOQqypRysaz8ys69a9Iw,2019-11-02T13:29:07.64123Z
b'Mimic Nature Natural way of farming',1370,117533,23,UCkPBqMSppptVcvSSVZW43GQ,2013-05-04T00:12:33Z
b'Drone Nature Finland',8,4468,22,UCpF5YRHksF4J3tQ2F8y4m8g,2017-12-07T14:27:19Z
b'Health Psychology And Human Nature',393,19856,51,UC4Rv4EJJ0TipKYJz356fW4A,2020-02-16T13:12:54.575233Z
b'Relaxation Nature Videos',273,13549,106,UCeZGwJeAJOmKVhIiH5ZKXRw,2020-12-08T03:28:43.506906Z
b'Nature and Hobby',27,2247,20,UCM0ZQzXrTXl3nMDB5zV8Lpg,2010-06-18T04:20:14Z
b'The beauty of nature',2110,424466,36,UCopnD510-bZh-xZE9a4_D9Q,2016-03-31T20:36:20Z
b'Power Nature video',7,4727,8,UC6mQlAYv4JMV3Z3JC_FVoxw,2018-08-03T15:09:16Z
b'Tanya Cure By Nature',164000,13574616,553,UCrG6xOwAG9lFWEkLH6dOz1g,2012-11-11T12:15:41Z
b'The Nature \xd8\xa7\xd9\x84\xd8\xb7\xd8\xa8\xd9\x8a\xd8\xb9\xd8\xa9',0,0,5,UCu8VWCW7pJklF9UMvRsr-Uw,2021-11-02T19:04:20.833448Z
b'Living Nature',42000,8845307,433,UCIaj8PLJ8zU-gw1bIYTPtYg,2018-03-26T05:54:08Z
b'Love Nature',11800,3083175,46,UCKBVflLT2RKKlA2AmRJjUvA,2013-03-27T11:36:31Z
b'Almo Nature. A project of Fondazione Capellino',3360,58817358,391,UCqb2rwqwYuYqZThOoP2wcWw,2010-03-17T15:54:37Z
b'Van Nature Food',118,8663,11,UCeFPP4V3z_YURnxk4D7RD1A,2021-03-27T19:16:19.094998Z
b'Cistude Nature',866,145966,69,UC9BHLkPms3jQNPTnaJtq6zg,2016-11-17T12:28:22Z
b'Nature=Futur ! La cha\xc3\xaene de la bio-inspiration',1490,52040,47,UCghmtdCHpMUYkVxg3nC9dlw,2016-02-15T23:13:51Z
"b'Nature, Travel and Food'",1830,310916,184,UCUT-c2PuZ3snxe3H8dXtcFA,2013-10-02T17:13:52Z
b'Nature Play Kids',5400,2153304,54,UCYMYZHz6l8B261kYfV75Dcw,2017-09-03T00:17:59Z
b'Nature Fishing Photography',11900,1448003,110,UC4WRtgyTg-Q_SiUvpYCOntw,2015-12-24T08:43:03Z
b'100% NATURE',1150,189648,237,UC9lu9MYmnAYd6sdeUWUxJbQ,2015-08-03T09:53:11Z
b'Nature Sound',1240,66686,44,UCOAiSA5j0p4xbpnx30CWhgA,2021-08-03T03:04:14.708891Z
"b""Nature's Womb""",114000,9702718,92,UCm3568u6yz14eZbtDdbu2Ag,2017-06-02T16:14:36Z
b'Nature & Wildlife Voorne Putten',597,94900,466,UC5E7wAizMvWinD7EnDHsBVg,2015-10-13T16:50:59Z
b'Prosano Nature Pawe\xc5\x82 Kuligiewicz',676,285410,192,UCRqZk-enRRAIRKbVWipl-2Q,2012-03-16T20:26:05Z
b'Wild Nature Desire',3300,268765,45,UCpFAmgGkY_AUXQGb7DrppuA,2017-06-13T11:11:21Z
b'Sahyadri Nature Trails',31800,3623975,75,UCFUdJwmlJdklM4IFcP5IiaQ,2016-08-15T16:55:43Z
b'Natural Evolution',298000,29825431,513,UCnmXSqqGTDg-2jYfuGdF-iQ,2016-10-22T08:52:44Z
b'Nature Lover',15000,4025437,148,UCEnG1Mq2WobV0hO5EplZTIw,2018-05-16T05:44:22Z
b'Sound of Nature \xf0\x9f\x8e\xa7',75,5185,18,UC4BbdwW8-sEG2p-Kbfd-vkw,2015-07-28T11:55:59Z
b'Nature Change',364,116725,127,UCBaaCKcOwiD7Nb4Caaii14Q,2014-10-17T16:50:22Z
b'Global Nature Fund',58,8070,55,UC6xcU8kMeA1tok5V1I4sbEA,2014-06-30T07:53:58Z
b'Nature and wellbeing symposium',27,733,2,UCAqzHXldTopNHqvLJlBe5BA,2021-06-16T03:10:28.49772Z
"b""Nature's Tree Service""",22,5257,8,UCNvjApMSujvt9NY_AGGgEMw,2017-03-01T20:46:45Z
b'Escape to nature',36200,9689728,353,UCmeZRcO7oappGtxj7TjfJMw,2014-04-26T14:24:32Z
b'Viasat Nature Romania',12,8690,4,UCKCww8xT4lzmZhSqsaNM2eQ,2021-05-14T14:27:16.64478Z
b'CONNECT NATURE',1370,60631,30,UCLZmIBL9aWeDPxbChM0oZGw,2020-07-15T11:08:24.403602Z
b'The Nature Company',732,42882,7,UC7Ygf2PYk8i9j6_IlCni01A,2020-02-07T10:35:10.774865Z
"b""Nature's Cadence Farm""",4650,1875436,190,UClyUxoTEpspaDKdxo0RnMrQ,2016-12-31T18:49:26Z
b'original natural sounds',169,1772,10,UCpGcabj8-lJHHBCdX-Ix9qg,2018-10-27T16:44:42Z
b'Gamtos dar\xc5\xbeelis Po Smilgom /Nature kindergarten',7,3555,1,UCHaLkgWCVcBWTKHv_ZvOlbw,2014-10-19T18:39:00Z
b'Centre d\xe2\x80\x99interpr\xc3\xa9tation de la nature du lac Boivin',0,485,3,UClTXX-j5JlnFhqcdGZyWXcA,2019-11-28T02:05:04.088766Z
b'\xec\x9e\xa0\xeb\xb0\x95\xec\x82\xacN \xec\x9e\x90\xec\x97\xb0\xec\x86\x8c\xeb\xa6\xac JAMBAKSA Nature',56500,6532323,36,UCCRT-RmRQLlf3HX_45WiveQ,2020-02-26T19:20:56.207419Z
b'Chartreuse Nature',32800,2729736,174,UCH5hNvYRoCphcKKkSi0Y4_w,2010-03-05T13:33:38Z
b'The Secrets of Nature',464000,118546018,326,UCVGTgXC1P--xM480Z6DqyAg,2014-01-21T11:34:16Z
b'Manju Nature Lover',9420,1173948,418,UCBCpP8LvSm_PWiEvaohNLAw,2019-06-26T16:46:31Z
b'Wander by Nature',708,111634,32,UCqheAnhz38zDJRjuArWbN5Q,2019-02-20T16:21:31Z
b'NATURE IKHLASS',8530,77543,85,UCLWGsJuQ4RuLIAmhYHDYGAA,2020-05-22T21:41:50.198164Z
b'NATURE JAPAN OFFICIAL',1040,16698,25,UC9CMTEkWyU9G6_nAMq2nIOw,2020-07-02T09:43:30.475712Z
b'The Nature of Science',72200,12009718,19,UCCuRjAP65z5wlw3Ke2z4dFg,2015-03-22T08:23:39Z
b'abril et nature',515,48884,64,UCHh01W9kMPwlY63tM37kehQ,2016-04-26T14:04:20Z
b'Healing and relaxation with nature and spirit',0,0,2,UC4cyHEr7OAFrdWm4JkK_t1w,2021-11-03T01:56:03.1112Z
"b""Nature Nate's Honey Co.""",6580,9956559,155,UC76jeoN823lUHJx9NFEJ5zw,2016-05-04T15:41:52Z
b'Nature of Armenia',70300,279178,289,UCToFdzWnNeJLJuWVgMBIu1Q,2014-08-28T19:06:23Z
b'Nature Nerds - Jezz & Jojo',1820,168989,42,UCzb9OhvQbHlgsEL7Qsin_NQ,2019-08-20T13:14:07Z
b'Seychelles Paradise Nature',16,1416,22,UCOj8oM5DEoLZusvPQADDu3Q,2019-12-31T15:10:44.452651Z
b'Jura Nature Environnement',4,156,2,UCCtVM4PsFXEBYy7s495v_WQ,2020-10-05T07:39:47.293857Z
"b""Nature's Beauty""",14,33971,11,UCn2JKRjtxJaXuKcEHTZigRA,2013-08-25T19:55:22Z
b'Do\xc4\x9fan\xc4\xb1n Sesleri - Sounds of Nature ASMR',11200,4374533,50,UCoTfU3LjklRhmuNs9Ok14Hw,2019-12-16T08:56:53.142184Z
b'Nature TV',1400,111762,40,UCshEvSod9yFZqsJX5QfTmBw,2017-06-12T17:55:21Z
b'loveing. nature',46,770,15,UC4U7nKQkJAlPcuXmYWSE-sw,2021-09-26T15:56:01.203093Z
b'Nature Good Mode',339,11627,86,UC4KdP7BuLdVHVsPX7DBdISg,2020-03-27T08:26:14.836628Z
b'Sawgrass Nature Center & Wildlife Hosptial',21,2744,20,UCwnOaKBI6ljy2PCJJ8guKBw,2011-09-29T18:03:30Z
b'M\xc3\xbdvatn Nature Baths',11,59706,18,UC7mIRuxu_jMD0j78kdl0v6g,2017-05-16T12:36:42Z
b'COCO-MAT Sleep On Nature',846,195338,121,UCcH5eJEDpT93MnqEEEqm5TA,2013-06-20T07:15:41Z
b'Journeys with Nature',15,2823,8,UC0yUtRR4ng5n_wihqCh9G-Q,2020-04-28T18:06:05.378477Z
b'Fall for Nature',290,34361,11,UCOBxc6ggYMwb-PCEgpvVBUA,2020-10-18T16:37:07.133044Z
"b""Nature's Noize""",0,26,3,UC2RkL2qbOgYecpvPt96jZfA,2021-10-31T22:44:05.931259Z
b'Niels Nature DIY et les permHAPPYculteurs',2710,596979,11,UC__vdgmZdA9GChyW3XLyWcw,2017-05-05T09:13:32Z
b'VIDEO VOYAGES ET NATURE',596,170989,75,UC60FUx9vO_T6_4_9ZvM8LSg,2020-09-02T14:50:40.157923Z
b'Museum of Nature South Tyrol',648,111073,109,UCocoShDJa84RKqOxudqFSpg,2015-04-07T13:53:45Z
b'\xd0\x9c\xd1\x8b \xd0\xb8 \xd0\xbf\xd1\x80\xd0\xb8\xd1\x80\xd0\xbe\xd0\xb4\xd0\xb0 We and nature',128000,27039405,173,UCDUo5jwMd6AGhijpLnzUQqg,2019-04-07T09:30:24Z
b'Hefner Museum of Natural History',46,2789,15,UC3HeZBJ68VvQsNsGTRgvGzw,2020-04-15T20:24:07.672784Z
b'Connecting Nature',301,10395,158,UCI24BLyUnvxq7aehGu-XMKw,2018-05-10T10:58:47Z
b'Victoria Restrepo Nature Documentaries',3640,347038,238,UCHCBAmCvv3zUqNodqkWhLQw,2012-04-29T04:03:59Z
b'Om Music Nature',2550,160115,82,UCunoxwRK_eOm4StuVTAGU0A,2016-11-18T04:06:13Z
b'Nature Is Bike',126,12185,4,UCBpuo5H2QQ-65Zbl4QCTpoQ,2020-01-03T15:37:44.482973Z
b'Nature\xe6\xa0\xaa\xe5\xbc\x8f\xe4\xbc\x9a\xe7\xa4\xbe',1270,1048449,37,UCH0gQEu57CI-0DzGEcHqsdQ,2017-11-14T03:41:08Z
b'Nature Connection',36200,9233641,171,UC5rat-_m2W8KLToCzAxccKw,2019-10-12T13:14:23.275968Z
b'Ripples Nature Inspired Aquariums',4490,90485,29,UCKZDLXjHs1QZbfGseiyxVGw,2015-08-27T10:36:33Z
b'VTT Nature',3650,2543169,197,UCRrYs5hLRqZO9PEgc5XpjQg,2011-02-08T12:35:08Z
b'CAMPUS M\xc3\xa9tiers Nature de Coutances',186,28264,47,UCT8XxO9xBooUB8bd-NlgbgA,2019-12-02T09:39:34.963948Z
b'Rebelle de Nature',17,4315,7,UCW9InsudNVhmv0xKeYpFMUw,2018-04-23T09:57:41Z
b'Nature Sons',434,53263,115,UC6oAn7av5JK0Ut-rDUIcBHA,2020-08-09T02:11:00.725566Z
b'Association of Nature and Forest Therapy',491,20302,9,UCE-q1cBI6E6s0mHo_FcvTiA,2019-06-10T23:14:00Z
b'Relax With Nature',109000,41480519,245,UC3Y7vndqnbIOQ_v2fftNB9Q,2008-01-29T22:21:05Z
b'Art et Nature Vid\xc3\xa9os',425,159779,171,UC3fOMq1xf3IVTzOOKRuxfvg,2016-09-20T15:47:55Z
b'Thailand Nature Sounds',370,65273,76,UCa00GC0bJl7RrNJfoXf2PZw,2020-07-11T15:42:07.006899Z
"b'EQUILIFORCE - nature, cuisine, bien-\xc3\xaatre'",2920,277076,418,UCr_-VrUmL85M6ceCQ6fbDjg,2018-04-19T10:59:58Z
b'The Natural History Channel',17900,898961,64,UC-kM2u8bHGLUDkKrmXW7syA,2007-11-21T00:31:04Z
b'nature sound / Zahnrad',695,153347,10,UCWwwlwzNGk9F5U6kJax2OpA,2017-06-08T00:10:27Z
b'Sound and Nature Suffolk',208,8045,12,UC2gzqiMGhDIirgh-rG4gJHA,2020-10-28T21:59:24.712949Z
b'Nature Belgium',1020,32337,134,UCpEXa6os4tbyFES_Xamx_mg,2016-05-22T21:33:45Z
b'Nature Vape',3790,831504,235,UCgnm9gfh8QPyXMga75StdDg,2014-01-19T18:36:45Z
b'Nature Trust',175,54532,80,UC4EzTvJGDAoSvcN2hDQFMiQ,2008-02-11T18:09:00Z
b'Natures Garden',13600,642762,1818,UCRZG9MMIrjsYrcZQ5Pjn1xw,2006-11-30T17:25:52Z
b'NATURE farm',483000,28370656,256,UCr_m1cBgstfAZ3Xjuxu9Xrw,2018-03-30T11:45:17Z
b'Calmed By Nature',464000,64866173,113,UCJuMbdKSMThk2RpALASyXVQ,2017-01-02T04:17:22Z
b'Sanctuary Nature Foundation',7500,2069418,182,UCpPJW1Hi1Kowg_Y2yZHIX3A,2010-02-02T05:56:07Z
b'Nature Nel',1810,154111,66,UCOKgEqemi0ZBcvzgxjAibhQ,2021-03-17T21:56:43.716291Z
b'Poorna - The nature girl',515000,70963146,43,UCtVDQNGBmS8DTP5fPzM_GmQ,2016-12-04T12:56:19Z
b'nature video',649000,113272828,488,UC7c8mE90qCtu11z47U0KErg,2008-11-07T12:07:29Z
b'Nature Unplugged',37,3082,77,UCVEZOv9fmMLndP_Gzdba4eA,2016-04-15T23:13:35Z
b'Explore Nature',555,116203,216,UCP3fwGytW8yNuJvVXcEMO3g,2015-04-16T16:37:28Z
b'Nature & Autonomie',1700,54169,1,UCeHxv_fY6SsCQukZPVZ2Ikw,2021-01-04T09:10:29.411441Z
b'AS Nature',0,5,2,UCB4xRHYaa-mQKJGGoNyflOg,2021-10-29T04:41:28.108167Z
b'Tints of Nature Global',350,107397,37,UC9A1C9WXwhywpBPJyjoC-rg,2010-12-07T14:24:41Z
b'\xe9\x97\x9c\xe6\xb8\xa1\xe8\x87\xaa\xe7\x84\xb6\xe5\x85\xac\xe5\x9c\x92 Guandu Nature Park',144,42283,47,UCmUBk7ZXFO-Q8kuy5QgexjA,2014-07-17T07:42:56Z
b'Health & Nature THC Television',16700,4317054,160,UCkEwfZtd40x6ERhXpK5m_zw,2014-10-26T15:11:36Z
b'P\xc3\xb4le ressources national sports de nature',348,36948,80,UCFq-WUC-MRhIUM50kci26wQ,2014-10-23T08:57:24Z
b'The Nature Conservancy in Washington',314,49889,81,UClfw-RgQVLgyKNqD8NV_CvQ,2015-11-05T17:48:54Z
b'Nature Walks with Judy',357,192767,295,UCAlszWKnpyeh1HK9Vv9XFKQ,2011-11-01T11:41:35Z
b'SFL Nature',541,43016,119,UCVvqa974JZOMkpQfTp9qovw,2013-03-19T02:23:29Z
b'NAQ Nature Aquarium Quebec',3560,246317,13,UCPE2r9P9IVXV83zBN20zHhA,2018-11-03T23:32:04Z
b'Rester nature - Laurent Winsback',1500,96255,59,UC_KSEOiQCuGnIqYJgwGL6Eg,2017-05-02T12:07:47Z
b'English with nature lk',2670,40371,51,UCvDObss8uC1iyXQrTlbwdxw,2020-08-08T16:39:09.902673Z
b'Lancaster Conservancy',2940,789545,94,UChFCefqUZk-m-4j91luSdeA,2013-12-13T20:49:21Z
b'Explore Africa',155000,53727331,128,UCiGOIXjFqy5_mUNxQNOMfHw,2015-04-13T18:19:21Z
b'Field AND Nature LOVERS',96300,29124078,624,UC7uFA3xKekGuv69L4HkXYaw,2015-12-15T15:58:33Z
"b""Nature's Courtyard!""",317,131393,45,UCuON2GHphl4kG6dFYw4qJAw,2019-02-18T23:47:09Z
b'Les Cueillettes Sauvages de Will - Guide Nature',1700,63683,5,UCXv3oLSjmjAHfxSHCcCcouA,2017-09-16T18:32:01Z
b'Nature Newsteam',12600,9865660,203,UCYHPDII9XuPNBpTUxLpRK_g,2011-10-10T13:28:47Z
b'Love Nature',386000,68934477,317,UCRZPkuHwaoKwTP3CYPdVldg,2010-05-07T15:37:02Z
b'Nature Saskatchewan',101,5118,37,UCDYIv80ATfpeExkqvScuJ7g,2013-03-22T20:29:17Z
b'Loubna Nature',3240,101113,48,UCMrgYHYEaxDgiYeUWxYfFDw,2016-04-27T16:01:14Z
b'Nature Way',1340,43056,41,UCMZpgbg1B6oPCAdT8Vl2iAg,2020-10-08T09:35:25.88895Z
b'Nature Gardener',44500,6465580,384,UCWpND_B3MW60aCmuuVH5eBw,2019-10-03T09:21:58Z
b'Nature Tech Family',1040,295264,78,UCSr_tvSeGMwK4rUEPAlq0VQ,2015-04-26T04:48:28Z
b'Un brin de Nature - La T\xc3\xa9l\xc3\xa9 de Valentin',1730,45005,61,UC3Wr2T__guAv3btN7hlD2CQ,2019-12-04T18:17:06.047425Z
b'Nature Stereo',28,178,5,UCDbcrrECdZNo5uo2ItNf4Dw,2021-05-25T06:44:16.913864Z
b'Total Harmony with Nature',22,7732,20,UCW005l2Hg8DvHEe7PBy6Tmg,2015-02-21T06:39:02Z
b'The Nature Conservancy in California',369,57786,71,UCGylXwzN4krvfl4hrafhcBg,2014-10-03T19:30:33Z
b'Mother Nature Calm',1420,165904,64,UCy35fxnA8SVCf--SYcZvlxw,2021-02-26T20:44:52.088395Z
b'Casual Geographic',1440000,142369961,76,UC5Yo88QF-chdugJbAnB2tUw,2020-08-01T19:50:29.918967Z
b'Work With Nature - How to Grow Food!',133000,19493234,243,UCHmdRuKUSB7xrbv8uC0TKxg,2010-12-05T21:45:38Z
b'BBC Earth',10400000,3721595068,2110,UCwmZiChSryoWQCZMIQezgTg,2009-02-25T00:01:07Z
b'Nature Fresh Farms',3140,307059,94,UC0GY9LIPEcOya0z_06QP1tQ,2010-07-20T14:02:08Z
b'Grandeur Nature',63,16853,15,UClTehNxtkiZgG8Wpv5ZvYBQ,2009-03-12T19:21:04Z
b'MAX9814 NATURE',1080,9329,21,UCwDIED2G4eeXWHI9XVI-ayQ,2021-09-21T01:47:35.738246Z
b'Nature Mobile',179,67029,16,UC37l_qiQYRlseRmpcdCcvgw,2011-12-15T19:26:22Z
b'Carlos S\xc3\xa1 Nature Events\xc2\xae',953,232256,82,UCgzwhbnSXGjzEEkh13RVhPw,2014-06-30T11:39:16Z
b'Nature N3',0,0,2,UCCTDBVHPxBZxI9VWMRcrvUg,2021-11-03T08:22:31.576714Z
b'Mus\xc3\xa9e canadien de la nature',7810,4576999,329,UCQn_PPRxgmP5BV3k7Nlplxg,2008-10-22T15:29:25Z
b'Dodge Nature Center',212,30331,114,UCImHRo2sog2460sBxgOW5RA,2009-11-16T21:48:11Z
b'Relaxation Windows 4K Nature',101000,20248220,84,UC-he8--TRguZ-nNUSiH77Uw,2017-01-20T10:39:06Z
"b""Nature Lover's Paradise""",4290,204924,114,UCgVYR4XfUrFWmvDEFh7JeSA,2013-06-10T13:43:30Z
b'The Nature of Pages',789,12701,65,UCZ-uWE9JeIGNj1OxizzRLaA,2018-05-31T19:19:15Z
b'Music Of Nature',1380,161062,92,UCOWRwwpqFOz4s4DqZCpbs1Q,2020-04-29T08:42:40.726282Z
b'Singh\xe2\x80\x99s With Nature',197,0,0,UC-QDYfSLLbLraEPsai-npug,2021-08-27T00:35:22.22003Z
b'KJY Nature Films',64200,14180215,88,UCkNlSKJU77kqgxq_kLsF6Aw,2018-06-29T03:09:19Z
b'Visites Nature Vercors',213,290727,27,UCraw9SQYRpGJerup0qEOnaQ,2015-11-30T15:08:34Z
b'Nature & Conservation',15,58,5,UCNJmG_e-0rSNOjvNbDE6eGg,2021-10-09T10:01:19.9044Z
b'Mac.Nature.TV',476,130120,196,UCKio2zSEXmB0KvoDX9sw4IQ,2012-07-24T20:19:35Z
b'Free Documentary - Nature',592000,163996401,205,UCQtW2oz8ec8pHjjxawujNjg,2019-09-19T07:56:55Z
b'The Nature of Fishing',23800,1175051,47,UCata79WFUPYPDG33LrC57Wg,2016-08-17T23:57:55Z
b'AmazingNature Alpha',81900,11350600,548,UCwG8Q_dx-iGPB47cVJkRQiQ,2016-03-04T14:59:38Z
b'Free Documentary - Nature',592000,163996401,205,UCQtW2oz8ec8pHjjxawujNjg,2019-09-19T07:56:55Z
b'The Nature of Fishing',23800,1175051,47,UCata79WFUPYPDG33LrC57Wg,2016-08-17T23:57:55Z
b'AmazingNature Alpha',81900,11350600,548,UCwG8Q_dx-iGPB47cVJkRQiQ,2016-03-04T14:59:38Z
b'Fr\xc3\xa9meaux Nature - Topic',171,69644,1740,UCUv02exIWsH2H1WwRjvkj-A,2015-09-18T11:32:09Z
b'Natural Life TV',2870000,786012948,1818,UCwbXPUMNQwUGCG_nCkAq3uA,2016-08-25T02:19:36Z
b'Succulente Nature',1110,52527,20,UC7T38iN_qgRdRSS-R-9cUNQ,2019-06-07T08:49:36Z
b'TRAVEL & NATURE',482,22742,28,UCo6eSJbtrQX-duAESPjvWkg,2021-08-23T04:45:56.254016Z
b'Go Natural English',2150000,72980781,607,UC9Pbt3q-ihROg1lmmmQdU2w,2011-04-12T04:22:01Z
"b""Fondation Nicolas Hulot pour la Nature et l'Homme""",8560,1563716,297,UCvDz46dvR6tEJoHtmYPcmBA,2012-01-18T13:36:48Z
b'MARACUJ\xc3\x81 - Equalizing Nature',651,60726,24,UCVAEe3xVeY2uUmcVNZ84lVA,2020-12-06T19:18:21.606794Z
b'Naughty by Nature - Topic',2610,8152242,383,UC6VVIODeDitJIvprFtptdWA,2013-07-02T10:08:07Z
b'RDS Nature Channel',1160,68940,76,UCjkp_dMXmMPhOKxZutFSPQQ,2020-06-09T06:49:18.233732Z
b'NATURE OFFICIAL',102000,42283248,437,UCVwEjskMa1m7ewjy0FGEHWQ,2018-06-15T13:20:40Z
b'Nature Republic Mongolia',458,58650,80,UCEVCTqOMTb-Vlk5ajajg89A,2017-09-20T12:09:16Z
b'Bourgogne-Franche-Comt\xc3\xa9 Nature',230,38452,172,UCSW6LDEgCqyYxW9iOPHX4lA,2013-11-29T15:14:58Z
b'Bee Sweet Nature Co',36,7184,18,UCnerFE3_4S2BAwRg4epsIJg,2020-04-29T03:58:03.129344Z
b'Nature and Relaxation',61200,9670057,111,UC3dB9dGKr0L25HKO8r6XKkg,2020-08-10T14:04:25.175559Z
b'Mother Nature Cambodia',296,18353,30,UCa4s_8suMhoBSvIyGyMADPQ,2015-12-12T09:51:33Z
b'Healing Nature & Meditation',17800,2229143,184,UCvOZ3vSG6pEldVWcb6l5JMg,2018-03-27T22:16:47Z
b'Nature Pie',759,192137,7,UCSdiX8zFwSSnYFPhmGFf7LQ,2013-11-30T12:32:16Z
b'Fred Nature',2080,93399,22,UC1stKloEBNaJl8Cslbv7egA,2015-01-17T23:26:19Z
b'Laboratoire Science et Nature',35,1686,8,UCa97Zlga_FipH-Cpf8e4xlQ,2019-10-18T13:34:19.764661Z
b'Relaxing Sounds Of Nature',221000,60715121,104,UCKBpKeRhhCQOQwbPz4aYZWg,2016-03-31T21:31:51Z
b'Nature Akva',207,12778,7,UCCmooB2LpJW0K7EWA_rgGaw,2020-04-07T20:27:20.361186Z
b'Paris nature',862,101850,135,UC76FSq6HfPmqD-98btD6d9Q,2015-10-28T09:30:01Z
b'Virtual Nature School',1090,9076,23,UC2Y3Dl6I_rfTvjLTDvCHv4A,2020-07-21T12:09:45.703322Z
b'Robs Nature',6340,472336,122,UCB8pWeohb0QAez-zc8O-CIQ,2019-02-03T09:13:19Z
b'Grandeur Nature',31200,3841911,214,UChv63YYcGoXorR0bf8dINag,2017-04-28T11:28:02Z
b'Nature Soundscapes',119000,21003601,295,UCjoFckSzE1jUM_kmtVHNlKg,2017-06-08T21:55:45Z
b'DIYremedies {Pure Nature}',81500,5986710,85,UChkd1lvmE366T1tg5zKd7rA,2017-11-29T21:52:09Z
"b""Nature's Path""",1130,8498295,56,UC0pUW_PbuMeh2wBcZjpxxtQ,2007-05-03T00:31:22Z
b'Nature Beauty 786',2080,61679,199,UCqWI-Z9j0WVYNHfpY6h2DzA,2019-06-12T00:05:21Z
b'Scenes-n-Nature',510,37669,18,UCb2Sg8qtToXGRhCeFwr1ygg,2019-09-04T18:47:26Z
b'Nature Technique',358,45696,140,UC416oADgwFbz9E1iIvBkZNw,2020-07-27T14:03:34.6439Z
b'The Art of Nature - Germany',1500,39672,63,UCpKimq6pFITCSBaom3Ny9DQ,2020-04-25T20:05:08.847787Z
b'JS nature sound',2270,461185,176,UCECTFFHX9PzKdjjD3ySOTSg,2020-07-17T11:34:29.445779Z
b'The Nature Patch',3270,156421,145,UCJMCxMiG-vtahEGgpXypq5w,2019-04-11T04:52:22Z
b'\xd8\xb9\xd8\xa7\xd9\x84\xd9\x85 \xd8\xa7\xd9\x84\xd8\xb7\xd8\xa8\xd9\x8a\xd8\xb9\xd8\xa9 Le monde de la nature',3290,46520,65,UCHUgnUTLaIm2aeDrVDJZdXg,2020-05-31T19:56:04.655138Z
b'SWAROVSKI OPTIK Nature',5330,6338123,142,UC6sjwLSNiPmNTapXbOuUolA,2009-12-01T15:55:41Z
b'CLOSE WITH NATURE',0,0,2,UCFPOBWwekjJobf3hq7EEzAw,2021-11-03T09:32:55.840851Z
b'Ceridwen\xe2\x80\x99s Nature Healing',353,19593,76,UCaZYT3UpatYio3Md_ao0jcA,2020-04-25T08:54:14.919495Z
b'Glenn Nature lover',3660,104596,486,UCTDjfqQlDKgmkRCvZfji9ng,2014-06-14T23:50:46Z
b'Animal.planet beauty of nature',1,68,6,UChR0r3lXuClHjHnLqX3fbUg,2021-10-03T06:17:59.190983Z
b'Nature Formidable - \xce\xa6\xcf\x8d\xcf\x83\xce\xb7 \xce\x98\xce\xb1\xcf\x85\xce\xbc\xce\xb1\xcf\x83\xcf\x84\xce\xae ',1040,194891,32,UCJ67i6LASWsuybSHFmNb8lA,2015-02-06T20:04:49Z
b'Nature Safe Fertilizers',27,4663,5,UCyvXFG3RBL5lSX5J5WnBNig,2018-11-29T20:23:30Z
"b""Nature's Meditation Jamz""",2,391,14,UCXcWbyNw9qV8MCmeF0hm7Aw,2021-10-20T11:13:40.427157Z
b'Shape of Nature',130,12757,11,UCkBe63NxzaA4MOKNLIQ4iDg,2020-12-28T15:23:14.521678Z
b'Animal.planet beauty of nature',1,68,6,UChR0r3lXuClHjHnLqX3fbUg,2021-10-03T06:17:59.190983Z
b'Nature Formidable - \xce\xa6\xcf\x8d\xcf\x83\xce\xb7 \xce\x98\xce\xb1\xcf\x85\xce\xbc\xce\xb1\xcf\x83\xcf\x84\xce\xae ',1040,194891,32,UCJ67i6LASWsuybSHFmNb8lA,2015-02-06T20:04:49Z
b'Nature Safe Fertilizers',27,4663,5,UCyvXFG3RBL5lSX5J5WnBNig,2018-11-29T20:23:30Z
"b""Nature's Meditation Jamz""",2,391,14,UCXcWbyNw9qV8MCmeF0hm7Aw,2021-10-20T11:13:40.427157Z
b'Shape of Nature',130,12757,11,UCkBe63NxzaA4MOKNLIQ4iDg,2020-12-28T15:23:14.521678Z
b'CreArtive By Nature DIY & Decor',35500,2071543,274,UCyK27P4F4pVLGycM2pTNk6Q,2015-06-11T17:32:51Z
b'\xec\xa0\x95\xea\xb2\xa8\xec\x9a\xb4\xec\x84\xb1\xeb\xb9\x88TV Nature',71700,17089389,173,UC-O-tLPzFMYIIuY8uoWVzvg,2018-11-14T14:29:52Z
b'BE NATURAL',5080000,665020178,983,UCMDPvpD-R1_isb1o0ua15ig,2017-05-09T13:27:31Z
b'Nature\xe3\x82\x84\xe3\x81\x8c\xe3\x81\xbf\xe3\x82\x93',1660,14753,67,UCbxI_jfItuHSk-m14ljBoBw,2019-08-10T09:17:17Z
b'La Grande R\xc3\xa9conciliation avec la Nature',385,31737,9,UCdp6k0eXnnzeAUBfMgn6Qog,2019-11-13T11:37:06.003175Z
b'La Minute Nature',79100,12351251,274,UCkph5f42oWLXN09Kf-XbBMQ,2016-02-16T10:44:57Z
b'Nature The Firm',3710,1255901,21,UC3_ueWXrdb0HpwBvJX2TXbg,2012-07-22T23:40:54Z
b'Rain Nature Relaxing Noise',2,53,13,UC9fL1NBwPlHXczcMDH6jWQw,2021-10-17T22:33:19.18055Z
b'Signed by Nature',122,36392,66,UCvcsQviVasc9xCVfYf_2oBQ,2019-10-16T13:04:19.528074Z
b'Fish in Nature',4630,173485,20,UCGtr960SbGTb_2FgT7OPH4w,2020-10-16T03:45:00.768601Z
b'Nature-Simple.com',9490,1444256,80,UCDMZX6iKZQCOQ2kurXBZVUw,2013-12-14T17:19:47Z
b'Stones Nature',2450,350855,154,UC2dOQmQWfoYTq7jI03Xw9qg,2018-09-03T19:36:11Z
b'Lucky By Nature',43500,16648205,824,UCYspeLkmqmCsyudawkm5CBA,2016-10-12T03:23:33Z
b'Spirit and Nature with Kristin and Peter',953,46985,72,UCTqbkF3mrpgF8ldObMxk2vA,2018-03-28T23:14:15Z
b'Viasat Nature Magyarorsz\xc3\xa1g',153,5058,14,UCpqf7HhEB1qjzp2KGVEh78g,2019-02-21T08:47:04Z
b'Nature Sounds TV',4050,1200086,153,UClVfgITZYaZw32NWQmMUFCA,2018-08-21T07:29:26Z
"b'SCJ, Nature & walks'",2800,439412,172,UCA9AFncGi70tpDM1IwBWDZA,2017-02-04T11:41:56Z
b'Lead with Nature',2450,95620,47,UCZmxl0ArSHA_iw8HP2Q-Qzg,2019-11-18T20:33:28.88144Z
b'Kottayam Nature society',680,16513,56,UCvuSaZKUq4r4dy3u5YjqRCw,2020-04-22T13:33:44.879128Z
b'Education for Nature - Vietnam',557,120791,131,UC0SMLDvU2WTumdT8XJbimzA,2015-08-12T07:45:37Z
b'Do\xc4\x9fu\xc5\x9ftan Merakl\xc4\xb1 - Curious by Nature',1390,374335,103,UCrBMeWRUn_JiYo7dmfuYGxA,2019-12-08T21:04:02.11192Z
b'Nature Tunes',56100,12440933,19,UCNW50s5X8vI0U1yZOI7nDZw,2020-08-25T08:12:57.990108Z
b'Yoga by Nature',643,94102,26,UCru-7AiQy141e1XX8jD5XZA,2016-10-12T18:41:29Z
b'Eveil et Nature',756,62781,23,UCAO2OuQhDp5aLP_ML_0RgNw,2014-12-02T12:33:59Z
b'Keep Nature Wild',129,22860,41,UCGyU3fFAs7AltU3nL1vljBg,2018-02-22T22:37:48Z
b'Human Nature - Topic',659,3050487,419,UC8A3LaecT6Cv2zM5m6GAJrA,2013-06-14T02:06:21Z
b'Indonesia Nature Film Society',68200,5185673,172,UCRo9ynJvNv_6crWrDTXTRJg,2014-06-30T04:25:49Z
b'Nature of Ukraine',942,359288,13,UCNxmuq6t1fnYNxIs5ctpJHg,2019-02-02T19:13:37Z
b'Pokemon  Nature & Jain Culture & fun',445,2138,118,UCWeMHs78HVEKktMvRUfpyxA,2014-04-24T08:21:02Z
b'WILD NATURE',1100,234342,177,UCcCsNEtz5P579hhI5SzYbUQ,2020-09-25T15:20:20.026116Z
b'Secrets Of Nature Urdu',368,1476,3,UCWFueRaAz9glSC89cOLs8ww,2021-10-17T12:16:22.109703Z
b'Chirp Nature Centers',262,8535,49,UCqk3yEcPwdOFapqQ2BBTatw,2018-09-27T17:45:53Z
b'Nature In The Middle',141,12959,72,UCtMdXzbntYTsAhTnuxPdAuA,2020-04-05T18:58:17.563393Z
b'Turkish Chef in Nature',592,8279,38,UC4ua60HiZXVjXz2oaE6_MXw,2021-05-27T15:06:06.968Z
b'LoungeV Films - Relaxing Music and Nature Sounds',518000,207523561,77,UCyupwg56cb-DKlz8fg09Vbw,2011-05-30T20:11:34Z
b'Info nature',1510,930859,36,UC3Dn4Kf_n3ABc0uMDWYHFDA,2014-10-29T17:30:54Z
b'Beautiful Nature 777',787,41687,121,UCv4Ba4EXbCQ3MqH6fA_GsMA,2020-04-30T15:21:10.010144Z
b'Educated by Nature',139,14683,78,UCOzuJUXxzqPnFOW7oh8lTqw,2015-01-08T15:57:27Z
b'Denver Museum of Nature & Science',3360,786418,586,UCmDW6qywHYqJEu-YEt6_0UA,2008-08-08T15:35:04Z
b'Nordic by Nature',431,27179,47,UCY6_zTACAOH9SdnPrkhfXyQ,2021-01-15T19:23:15.989129Z
b'Nature Will Nurture',250,9756,35,UCuzA_KZo87Gf9M9qHQvMlxw,2020-12-26T20:29:17.534757Z
b'Marley Peifer',2050,101870,243,UCmzSZyj2zg8OpjI3zJ8ri3Q,2009-03-13T14:54:06Z
"b""Nature's Whim""",3180,239046,163,UCsH2ppHQVNifFjRXPbNPeRQ,2015-06-07T11:40:59Z
b'Sharing Nature',457,24065,27,UCKnOMy6VeHcix5PL7dGqWhw,2012-01-09T08:30:22Z
b'Astronomy and Nature TV',70600,9673383,149,UCIwQ5bWXAf57sE5HN6ldW3Q,2009-10-07T19:28:32Z
b'The Nature Conservancy Mexico',232,28826,155,UCQrEhFcLFpPgT_7SMVsJabQ,2017-03-31T03:13:42Z
b'Handsome Nature',29700,15331488,1124,UCJLIwYrmwgwbTzgmB5yVc7Q,2015-07-22T01:24:59Z
b'Nature Sounds - Topic',9670,16421501,216538,UCyfzggiXvfMdKlK7YdH_GIA,2015-09-18T13:07:12Z
b'Nature House Inc',5340,182324,22,UCXRZKi-KF57NtckgOiZTYTw,2016-03-17T17:12:37Z
b'NatureTec',43100,7877868,157,UC-HQ-oPvL148RmDxpV4jzlQ,2013-08-19T04:25:04Z
b'Nature on PBS',620000,201985940,407,UCcBp_9YPyma4c3HTadmRJ3Q,2013-03-15T20:38:59Z
b'Nature Mam',27300,11705639,67,UCzsd9CGH2Rx-rnag-NQOsFA,2020-06-11T07:58:37.873674Z
b'Nature Folklore',512,15939,166,UCk9dtZCnk1yVJhs9ztJwE-A,2017-03-04T22:57:15Z
b'Nature Channel Youtube',2,19,3,UCFhsV3lNXxekoDj4EVgiM2w,2021-10-20T02:46:58.65124Z
b'Nature Trails',10700,1826770,391,UCuyKYJ4gFSFFRlSOZqdGxiQ,2012-09-27T21:12:31Z
b'Nature Crafts',26800,2420332,37,UCm7sRiHhQiSCmUb9VBlxnZQ,2020-11-13T11:58:54.345378Z
b'Nature Arabic',12200,626497,85,UCUtBRzsDvTeIPyyJrhXM07Q,2014-10-23T09:25:14Z
b'OUTSOURCED TO NATURE',475,67619,57,UC22uuRUcbZ2WPmKU83_K3hw,2018-06-14T10:30:55Z
"b""Nature's Friends""",12400,3871061,189,UCZQ9giEvQHRDd4dqEaFmtug,2010-04-24T19:52:48Z
b'Agence du Don en Nature',259,148109,127,UCc9sGgl4OfSteqR43zFAFtw,2011-02-14T13:36:07Z
b'Gituralde Nature',1330,47075,374,UC8QWEzUrXBdeFGCEW3zh0pw,2019-03-24T20:01:21Z
b'Canadian Museum of Nature',8140,5184203,325,UC_PnMdgqK_ESES5iGQOzbwA,2008-10-23T12:44:52Z
b'Course of Nature - Topic',760,482750,43,UCHeXWKoo1tqSMra3x8MM42A,2013-05-21T16:07:27Z
b'Nature & Progr\xc3\xa8s Belgique',714,206042,146,UC9aeWw13fnduJNEY8RdBZ4Q,2014-04-01T07:03:48Z
b'Nature Sense Gardening',131,10421,23,UCymDl1h-ZSYF381-Ol_hkOg,2021-02-22T07:49:25.395017Z
b'Fleurance Nature',334,40731,40,UCKzNdliiY7iNjOGw9mrthbA,2013-09-19T08:45:04Z
b'Nature Safari India',433,25158,27,UCL0t4RDlueLHPiA7nBSLZRg,2015-05-28T06:19:46Z
b'D6 Nature',3800,238602,224,UCu2ksIf0ZH_Xfthcl9dLXLQ,2013-05-03T21:47:03Z
b'Environmental Nature Center',267,33329,137,UCSAKkxRS-1phEu_0cXadLyQ,2008-12-24T21:07:25Z
b'Nives Haag - Mama by nature',389,15837,53,UCkfmP7ICwh8qNKmG536vsnQ,2013-11-09T15:08:12Z
b'Next Nature Network',746,576071,93,UCTH9rEAL5ex3VX5Nq-iPiqQ,2007-04-30T08:48:02Z
b'World Nature Video',29800,6482340,547,UC0b8vOMYk5Dp_YbceazW0GA,2008-02-16T14:30:52Z
b'Nature Therapy',114000,14010714,83,UCvjdJXI9un8E2oC-HixorwQ,2019-07-02T10:47:59Z
b'Exploring the Nature of Wyoming | UWyo Extension',2800,2139151,443,UCPhgzOoBuQT51LA2Cmu7HWA,2008-10-09T21:14:36Z
"b""Nature's Compendium""",35400,2456898,11,UCLoaezPdoUXbYOsBY-gMAUw,2017-12-22T06:58:33Z
b'Wild Bear Nature Center',55,5947,28,UCGZwejV6pqWyQfzpusVYZew,2014-04-08T18:49:24Z
b'Nature Made',2480,49915422,43,UCZAfdC5x8J2QmGvsXEmPl3A,2006-05-06T16:14:23Z
b'Nature Hiking by DECATHLON',595,294285,32,UCKso4VxYuzx_XyCrN89mJ6Q,2018-07-17T06:38:26Z
b'Nature-Sport&Travel',254,56911,46,UCGnoKSQX5WAb2MRJqBIV7Lw,2007-04-04T14:44:02Z
b'YES Nature to Neighborhoods',31,6122,26,UCSSV7Uk47LSCc0Q1a09lWQA,2009-07-06T21:39:18Z
b'Nature Chilled',435,98016,73,UC-1CLmq-JXRMVptIJDoaF1g,2008-07-04T12:17:05Z
b'Back to Nature',22400,5310,11,UCbY3AZeu4vu3t-n53MgvUrA,2017-01-15T01:39:27Z
b'HAPPYHAPPY - Sport Sant\xc3\xa9 Nature !',928,38808,64,UCKjQsfFtBythnqq2aROuLfw,2020-05-01T08:01:31.242616Z
"b""L'Esprit Nature""",633,227622,37,UCD6YVHgUrUzgJDuY_tSliFQ,2013-08-06T19:22:23Z
b'Nature Made',2480,49915422,43,UCZAfdC5x8J2QmGvsXEmPl3A,2006-05-06T16:14:23Z
b'Nature Hiking by DECATHLON',595,294285,32,UCKso4VxYuzx_XyCrN89mJ6Q,2018-07-17T06:38:26Z
b'Nature-Sport&Travel',254,56949,46,UCGnoKSQX5WAb2MRJqBIV7Lw,2007-04-04T14:44:02Z
b'Nature Chilled',435,98016,73,UC-1CLmq-JXRMVptIJDoaF1g,2008-07-04T12:17:05Z
b'HAPPYHAPPY - Sport Sant\xc3\xa9 Nature !',928,38808,64,UCKjQsfFtBythnqq2aROuLfw,2020-05-01T08:01:31.242616Z
"b""L'Esprit Nature""",633,227622,37,UCD6YVHgUrUzgJDuY_tSliFQ,2013-08-06T19:22:23Z
b'Business for Nature',66,7192,19,UCIe4UPY_-DsQkRlnEcnBCAg,2020-02-12T15:45:42.819312Z
"b""Nature's Idol""",6970,574400,28,UCLfzMqGgDhWPLWR03su96Eg,2018-10-10T11:06:17Z
b'Nature minimaliste (Bushcraft)',6210,431846,55,UCm18Gx2FonVW6j7l08cOy6Q,2013-12-02T08:53:33Z
b'Passion Nature',772,209867,715,UCQQ_9MRHJKk81Yn9--il6Gg,2015-10-28T22:28:34Z
b'DC dude nature',33,1572,27,UC55JhkSNjbITo_wBVixYylg,2020-09-29T14:36:54.082608Z
b'Nature Conseil',58,6087,1,UCEXn94P-_CV0q0eMusEkmbg,2020-04-14T13:16:32.876227Z
b'Nature Lives In You',63,3381,61,UCk_z_M21PZwyrStxGYQA-ug,2021-01-28T03:22:40.069056Z
b'SOOTHING VOICES OF NATURE',27,7570,6,UCUIzlHeBVS3mZtfmbeHRX8w,2021-09-18T20:12:57.515988Z
b'The Nature Sound',47400,4495389,130,UCpoBqGEcBC1ZjtHPnjmel8w,2018-04-26T08:30:53Z
b'Springer Nature Group',6270,428132,275,UCIbD6EDPsFkZFQXVfikRdlQ,2017-04-06T14:43:04Z
b'satisfying Nature',2,0,1,UCtStlPudwXIK2inz50yR2xg,2021-11-03T14:57:36.743482Z
b'Draw in Nature',24,10432,12,UCCt-yZ-ZlMCBYquRAUEAZ1w,2021-09-20T07:21:43.363314Z
b'Soci\xc3\xa9t\xc3\xa9 nationale de protection de la nature',153,17212,80,UCcWdKV2ZcLRBwDrMmzLzMFg,2014-03-17T10:49:03Z
b'Nature Clean\xe6\xbd\x94\xe8\x8c\xb5\xe9\x9b\x85',6,4694,4,UC_-vMvKxadreO8FKl93whZA,2017-01-19T07:07:11Z
b'tNt Nature Connections',600,33702,33,UCD7E6j7DyKWUSfTk78VbY4A,2020-09-03T23:35:10.33699Z
b'Nature of arts 390',31,256,5,UCPMc3_YclWsXdxaa4yO2QiA,2021-09-29T17:02:06.97931Z
b'Eleny Inoue Nature Flores',70500,6191726,741,UCXspOkmmxlSj5OGJQxMgZ_w,2014-04-07T12:04:08Z
b'The Nature Conservancy in New Jersey',739,113547,109,UCGqVOeLs1jdpmkDWiVSKD1w,2014-02-06T14:40:33Z
b'Fondation des Amis de la nature NATURAMA',8,518,3,UCK9sghdYC3qozX0rO0no1Xw,2016-04-25T09:36:27Z
b'Nature Fishing 2.0',20000,6781261,76,UCqNoeu25q29xdlP5gomVWcA,2017-10-29T13:57:50Z
"b'Nature, Here and Now! - Chris Egnoto'",27200,4382300,425,UC_9nKLUNEp68pYWSikA8pzg,2010-07-22T06:54:55Z
b'Nature Of Village',172,5201,76,UC3nZj_sD_spJwfir39f_wdg,2021-07-18T08:39:32.066731Z
b'Lacoco Nature',0,0,2,UCqtJ2xKqEZqpsLeZl-hWIzw,2021-11-03T02:14:54.029577Z
b'Ecoshape Building with Nature',69,10780,45,UCMU-cnxCsliKYmj7yE2804A,2016-03-13T07:52:51Z
b'Natural England',1270,150795,133,UC-7Zj-5xg5TZPBv2nXE6nNQ,2009-11-05T13:48:40Z
b'Nerding for Nature',4400,443644,103,UCuS52O9gRYXNZoLByaGNpjQ,2015-03-08T00:23:04Z
"b""Nature Lap's""",1730,64397,10,UCiC8fUys_in6WnuLFNy_OtQ,2020-03-24T18:29:13.260892Z
b'Nature Connection Guide',203,7878,23,UCk9nv1sjxCi65eK-NXJ-MYg,2017-03-21T12:55:31Z
b'Nature Play Lifestyle',784,19816,69,UCLPF7GOcvR7OxmoBgcUnu2Q,2020-03-23T02:00:10.05102Z
b'Sculpture Nature',142,25050,20,UCq8Juf-xFMBWSUHbch3RKSQ,2013-06-05T17:26:51Z
b'Quiet Nature Ltd.',329,79569,41,UCU6W-rtWmIdIntZHboOnbnw,2013-08-26T17:14:16Z
b'Ultra Nature',252,10836,1,UCZmyhnkWG7srxV5OW_YRHpg,2016-04-08T15:51:43Z
b'The Green Nature[CSN]',1410,143246,85,UCcrovm-6oTc73GSkxbmfuhw,2014-01-20T17:50:22Z
b'Majestic Nature And Adventures',1740,58344,100,UCXTu3bph4gs5ry2tJr_zEEA,2017-02-12T04:50:18Z
b'Freetime Nature',28,393,2,UCFRyEN6P6GoWPe8B5BbM3Vw,2013-08-08T19:40:23Z
b'Oud & Nature',5770,230734,39,UCnHMbfmZ1P_J6w5VSKc6XGg,2018-06-30T23:40:24Z
b'World Nature Relaxation',8,163,3,UCScK93Fr9iIqVUhXc-T7Xlg,2021-05-14T06:58:47.646918Z
b'Golden Nature',16,1706,1,UCW4XOa3g-3pnclAPwRWp79g,2019-05-22T13:12:06Z
b'Israel Nature Valley',2980,4727315,61,UCJ6w0CgZaoPKOAYcxXRNrlw,2014-05-11T06:53:43Z
b'Relaxing Music Nature',1,2156,20,UChYTsZG1rY735uUSe6SPcwQ,2021-06-11T19:12:33.399745Z
b'Nature Chimes-  Copy Right  Free Nature Vidoes',692,210378,916,UCrEaZmOLKHwC276V-kylPGg,2020-07-10T09:43:11.318737Z
b'APPI La force de la nature',134,60480,52,UC-BCJUxNp7v3w2_z6xjwgVQ,2015-12-16T14:55:51Z
b'\xe8\x87\xaa\xe7\x84\xb6\xe9\x80\xa0\xe7\x89\xa9made in nature',14,204,5,UCPEU2BOYeWxXtVmcaQP_f8A,2015-08-17T06:01:53Z
"b""Yatoo Korean Nature Artists' Association""",43,10722,56,UCKn4_1bnHEfWlHi4EroHxfw,2011-10-07T08:26:10Z
b'Nature Graphique',21,5462,33,UCTTpIgeU_rwXYTSARncgtZw,2011-09-19T17:57:39Z
b'Human Nature Lab',92,2313,24,UClWOaO-iO04UqsHdXAJh-MQ,2018-03-22T19:37:32Z
b'Charm Of Nature - Relaxing Music',1110,54068,108,UCd9uwFzq68F9_g6FHVqsjxQ,2019-03-04T14:42:39Z
b'VMH Nature',19,9734,67,UCpge20BrkCfzlxYuzR_RcLQ,2021-08-24T04:59:01.988469Z
b'Natural History Museum',157000,34718184,631,UC7zosc8-0T6Dfyo1bg0w7KA,2006-10-18T12:59:09Z
b'Michigan Nature Association (MNA)',99,19370,55,UCBwLGhOQ1eh2SmL9IGoGahA,2008-05-01T18:45:56Z
b'ZEISS Nature',1980,598462,32,UCylGJwFC-HwgSyBmnO6I1DQ,2014-06-11T20:04:24Z
b'Nature to Print',378,155994,90,UCvYKAGuvzt5TI2v2l9AdIDA,2017-11-14T10:14:00Z
b'Children & Nature Network',314,54787,113,UCgMyJ8kuzyokIilr6dTRFrA,2008-04-07T17:19:02Z
b'Relaxing with nature ',11,368,11,UCV4BmbjrZP8A7T3Tbr6bkJQ,2021-07-28T20:59:28.329959Z
b'Nature Days',186,15185,140,UCDXOJ1IVfClsnj99NuCHmAQ,2020-03-29T12:13:49.802781Z
b'Nature lover Karnataka',48900,6363162,136,UCVEUOVo1x93VKnQ7PdH1U3Q,2013-02-03T16:06:51Z
b'Wildlife and Nature with Joe and Mary Ann McDonald',1080,36239,23,UCL0kTSo7NGthtQ5XXprdCJg,2020-04-11T00:33:15.000574Z
b'Taste of Nature',6630,673232,58,UCJoYW7jZIYjtiIPzxRAFMqA,2012-11-22T08:07:26Z
"b""Leaders' Pledge for Nature""",234,27931,115,UCnuTCSpwAkwkx4evUqq8tNA,2020-09-24T09:01:13.497053Z
b'Second Nature',2560,122417,53,UCXKqXMZ0zpseS2QSJB_-Ptw,2018-03-09T13:44:31Z
b'Dominique Lalonde Films Nature',10700,5205818,1073,UCTZ8c_jl3N7ZrQWpdIVRotg,2010-01-18T01:05:26Z
b'NATURE TV',1320,227281,33,UCYpN7DmEYpqFi0dT4HradZQ,2015-08-28T12:40:41Z
b'Enjoy Nature With Me',4900,91612,20,UCZPnDJtruQz8D66qe0DkD5Q,2014-06-12T18:02:39Z
b'Nature Pilates',1110,86311,28,UCUqlAav4xh00fCdio7olEgQ,2014-02-12T21:07:24Z
b'Nature in Motion',2390,1004947,415,UCJ2iEp9598fAgiqdMwMZX_g,2008-08-03T06:50:25Z
b'History - Travel - Nature',1590,153341,120,UCyO-sibuV1r2hLSHOqyf9Ag,2017-07-21T18:03:26Z
b'Liquid Nature',8020,620535,117,UCTyZCR77IflgaGTu41rXcAQ,2017-09-18T20:46:35Z
b'Mother Nature',1310,77595,40,UCFekDIixGIX2YbUr5KmG0Lw,2015-09-26T04:16:59Z
b'GIVING NATURE A VOICE',1240,172519,81,UCv678I0l-IVn5p7MfreVVVg,2016-04-12T13:23:08Z
"b""Nature's Pact""",2450,57970,4,UC1Squ14p45P9psWKjR6gLNg,2018-12-10T21:43:53Z
"b""Myriam's Nature""",103000,4344525,189,UC-Yr-p69aSD4vRn9mwpE4ug,2012-08-11T00:01:05Z
b'\xd8\xb9\xd8\xa7\xd8\xb4\xd9\x82 \xd8\xa7\xd9\x84\xd8\xb7\xd8\xa8\xd9\x8a\xd8\xb9\xd8\xa9 nature lover',382,46909,509,UC55vahwHrgpbQxcMsWnlleQ,2021-07-15T22:12:31.17258Z
b'Vio Nature',3660,1946368,23,UCo4hCGYBVhwynmkL227bonQ,2020-06-11T00:37:59.941345Z
b'Nature MAUI channel',626,224314,100,UC9rcmduHUpACOKlLdOWIwvg,2019-11-19T05:36:51.991029Z
b'baXll Nature Motion',22200,5022577,233,UCl0nxA64ZiFCxPiGJZrQrIg,2019-05-18T03:58:55Z
b'NaturaL YT',336000,42756421,346,UCGt8G34gDFAWHVFII7WogWQ,2017-07-13T23:44:28Z
b'\xd0\x91\xd1\x80\xd1\x83\xd1\x81\xd0\xb8\xd0\xbb\xd1\x96\xd0\xb2 Nature',164,40955,98,UCh5MXWgj0MpxvZL7qYfWgcA,2020-05-12T17:15:21.183644Z
b'Abbott Nature',558,23842,37,UCRHGDVXtB6n3EP4curjh6zw,2013-05-18T01:17:50Z
b'Saveurs et Nature',34,8559,10,UCO8Aa2C8LsMKywLXcyoIYuw,2015-12-18T16:46:30Z
b'Oph\xc3\xa9lie - Ta M\xc3\xa8re Nature',23800,958960,101,UC5x6ksDxBLNxRqoQisLJCfw,2011-10-01T22:53:22Z
b'Relaxing Nature',0,4,1,UC1q1HPFuasuGhgMjkyuxGoQ,2021-11-02T14:15:36.04525Z
b'Learning for Nature',1300,92322,233,UCaR4sZUyd8CClClaQC-fQKA,2018-10-11T16:10:49Z
b'Natures Voice',148000,17965654,562,UCRpqEYRo8-AAOj8kVrTud0w,2016-02-16T11:41:17Z
b'Ni\xc3\xb1os & Nature',282,6147,19,UCG19ezhMTwoBsCphgVG6rzg,2020-06-30T17:28:01.049395Z
b'Crazy Nature',311,397660,7,UCS8EiQe-VeuQf_TzhRwLJvA,2020-06-23T16:30:16.247402Z
b'Nature Photo Team',2250,72765,59,UCIOZ10ZfelRvbnCqTnN9lTw,2019-11-28T23:15:45.889286Z
b'Sant\xc3\xa9 Nature Innovation',1940,102083,19,UCynyA6tMOCvHjL9U0dSRpfA,2015-02-04T13:34:06Z
